x,c,c#,c++,java,javascript,kotlin,php,python,swift,typescript
2017.01,2.8912493198646825,12.427337891225664,5.862553523692366,16.502472144023088,23.650351304676963,0.4747462799555251,13.366989188805563,18.16479383028554,4.57807953443259,2.0814269830380168
2018.01,2.7648468696867305,11.735916726874706,5.604322865066214,15.730846272653725,22.537671484751865,1.0899097095737271,11.066309600550309,22.254946072344826,4.44411035592685,2.771120042571049
2019.01,2.9282046326716547,11.453530640604438,5.6760350809383135,14.527369021654104,21.709551549285404,1.5732125930629564,8.966253462540147,25.82928411694873,3.9919291755243274,3.344629726769922
2020.01,3.1292707528317263,9.260097665339332,6.149568213069635,12.749243504244168,22.640859825600618,1.7885307452088601,6.999454607096004,30.15475260430376,3.5526346267638407,3.575587455542055
2021.01,2.9137791748872024,8.432373614416118,5.534202008100548,11.638739743794067,23.254397872094877,2.1580211361650443,6.3379917895396325,32.53221808829267,2.976429274083193,4.221847298626644