x,C,C++,C#,Python,TypeScript,JavaScript,Java,Kotlin,PHP,Swift
2017.01,3.307110439,7.779122542,6.556732224,24.90468986,2.590015129,14.92586989,19.52496218,3.618759455,10.38426626,6.408472012
2018.01,2.928448161,6.525952476,5.748041949,24.87189699,3.04526749,12.19699987,10.9385371,2.678879596,26.91623523,4.149741139
2019.01,3.649515936,8.658762102,8.628848037,34.69487654,4.217883172,12.93103448,11.28304144,3.015881649,7.508430327,5.411726313
2020.01,3.996508797,8.234186228,8.826772015,38.93839864,4.235380587,10.67802839,9.237907116,3.339611374,5.668611328,6.844595526
2021.01,4.773145101,9.208107311,9.280737193,36.69624821,4.888898976,10.59261445,9.816382578,3.922013663,5.029619374,5.792233142
