x,javascript,typescript,python,c#,c++,php,swift,c,kotlin,java
2017.01,13.1527648023775,6.011431429811463,5.1154544986427934,6.111474830992857,3.8119478303087364,6.805158120066794,36.87629192075974,4.888885619496693,11.165137817141261,6.0614531304021595
2018.01,35.67514203222502,3.283971314147341,3.1260128527521656,3.953059513830679,1.512154233025985,12.941790071714632,13.005495017230139,2.130576511129738,13.517742386141379,10.854056067802924
2019.01,16.066058625465224,8.895536713291273,11.53365656713187,1.916712091534804,0.7626161594295506,14.439370189636872,19.164512788947803,1.7946517760036724,10.37564844542626,15.051236643132674
2020.01,25.61120935104675,5.504924204111196,17.04387314143412,2.568189560059479,0.455972813696391,7.761419956541908,17.627150960484293,1.0588986198742296,6.1243589698874255,16.244002422864213
2021.01,28.36342645959522,4.696636660868108,18.95904068772312,0.308616100433844,0.12164748950321018,9.9843508757222,15.80904313289879,0.27394700256394133,4.430963958110648,17.05232763258092
