x, C, C++, C##, Python, TypeScript,javascript, Java , Kotlin, PHP, Swift
2017.01, 6.828689242,16.06272648, 13.32625266, 18.60552293, 1.137073597,7.297263526, 11.3957266, 0.868424341, 20.77345995, 3.704860677
2018.01, 4.911608852,10.94536225, 9.400187024, 17.66487064, 1.113238634, 5.294562943, 3.940864764, 0.743643407, 43.73691945, 2.24874204
2019.01, 6.929670557,16.44118558, 16.02292678, 28.95796757, 1.874419085, 5.473510276, 5.762676856, 1.296085924, 13.81286791, 3.428689456
2020.01, 7.658787799,15.77974383, 16.42237775, 32.13169594, 2.319644351, 3.908622739, 5.642853999, 1.562568775, 10.59905806, 3.974646771
2021.01, 9.187016731,17.72312262, 17.51780176, 28.13769604, 3.127866847, 3.774409156, 5.469398454, 2.096893976, 9.418548775, 3.547245642
2022.01,7.135606493,15.3278744, 14.58637458, 25.41981264, 1.970243332, 4.997148078, 6.147584567, 1.345720666, 19.70823384, 3.361401406
